,preco,data,preco_corrigido
0,7.5,2015-01-05,7.433838834374072
1,5.0,2015-01-06,4.955892556249381
2,5.0,2015-01-07,4.955892556249381
3,5.0,2015-01-08,4.955892556249381
4,5.0,2015-01-09,4.955892556249381
5,5.0,2015-01-12,4.955892556249381
6,6.0,2015-01-13,5.947071067499257
7,5.0,2015-01-14,4.955892556249381
8,5.0,2015-01-15,4.955892556249381
9,5.0,2015-01-16,4.955892556249381
10,5.0,2015-01-21,4.955892556249381
11,4.0,2015-01-22,3.964714044999505
12,5.0,2015-01-23,4.955892556249381
13,5.0,2015-01-26,4.955892556249381
14,7.5,2015-01-27,7.433838834374072
15,5.0,2015-01-28,4.955892556249381
16,5.0,2015-01-29,4.955892556249381
17,5.0,2015-01-30,4.955892556249381
18,5.0,2015-02-02,4.890844326704214
19,5.0,2015-02-03,4.890844326704214
20,5.0,2015-02-04,4.890844326704214
21,5.0,2015-02-05,4.890844326704214
22,5.0,2015-02-06,4.890844326704214
23,7.5,2015-02-09,7.336266490056321
24,7.5,2015-02-10,7.336266490056321
25,7.5,2015-02-11,7.336266490056321
26,7.5,2015-02-12,7.336266490056321
27,10.0,2015-02-19,9.781688653408429
28,7.5,2015-02-20,7.336266490056321
29,7.5,2015-02-23,7.336266490056321
30,7.5,2015-02-24,7.336266490056321
31,5.0,2015-02-25,4.890844326704214
32,6.0,2015-02-26,5.869013192045057
33,4.0,2015-02-27,3.9126754613633716
34,6.0,2015-03-02,5.797128794987216
35,6.0,2015-03-03,5.797128794987216
36,6.0,2015-03-04,5.797128794987216
37,6.0,2015-03-05,5.797128794987216
38,6.0,2015-03-06,5.797128794987216
39,5.0,2015-03-09,4.830940662489347
40,5.0,2015-03-10,4.830940662489347
41,5.0,2015-03-11,4.830940662489347
42,5.0,2015-03-12,4.830940662489347
43,5.0,2015-03-13,4.830940662489347
44,7.5,2015-03-16,7.24641099373402
45,6.0,2015-03-17,5.797128794987216
46,6.0,2015-03-18,5.797128794987216
47,4.0,2015-03-19,3.8647525299914776
48,4.0,2015-03-20,3.8647525299914776
49,5.0,2015-03-23,4.830940662489347
50,5.0,2015-03-24,4.830940662489347
51,5.0,2015-03-25,4.830940662489347
52,7.5,2015-03-26,7.24641099373402
53,5.0,2015-03-27,4.830940662489347
54,5.0,2015-03-30,4.830940662489347
55,5.0,2015-03-31,4.830940662489347
56,6.0,2015-04-01,5.735756203608605
57,5.0,2015-04-06,4.779796836340504
58,7.5,2015-04-07,7.169695254510756
59,5.0,2015-04-08,4.779796836340504
60,5.0,2015-04-09,4.779796836340504
61,7.5,2015-04-10,7.169695254510756
62,7.5,2015-04-13,7.169695254510756
63,7.5,2015-04-14,7.169695254510756
64,7.5,2015-04-15,7.169695254510756
65,6.0,2015-04-16,5.735756203608605
66,5.0,2015-04-17,4.779796836340504
67,5.0,2015-04-20,4.779796836340504
68,5.0,2015-04-22,4.779796836340504
69,4.0,2015-04-24,3.8238374690724033
70,5.0,2015-04-27,4.779796836340504
71,5.0,2015-04-28,4.779796836340504
72,5.0,2015-04-29,4.779796836340504
73,5.0,2015-04-30,4.779796836340504
74,5.0,2015-05-04,4.751289101730123
75,5.0,2015-05-05,4.751289101730123
76,5.0,2015-05-06,4.751289101730123
77,5.0,2015-05-07,4.751289101730123
78,5.0,2015-05-08,4.751289101730123
79,5.0,2015-05-11,4.751289101730123
80,4.0,2015-05-12,3.8010312813840983
81,5.0,2015-05-13,4.751289101730123
82,5.0,2015-05-14,4.751289101730123
83,5.0,2015-05-15,4.751289101730123
84,5.0,2015-05-18,4.751289101730123
85,5.0,2015-05-19,4.751289101730123
86,5.0,2015-05-20,4.751289101730123
87,5.0,2015-05-21,4.751289101730123
88,5.0,2015-05-22,4.751289101730123
89,5.0,2015-05-25,4.751289101730123
90,5.0,2015-05-26,4.751289101730123
91,5.0,2015-05-27,4.751289101730123
92,5.0,2015-05-28,4.751289101730123
93,5.0,2015-05-29,4.751289101730123
94,5.0,2015-06-01,4.7047124484900715
95,5.0,2015-06-02,4.7047124484900715
96,5.0,2015-06-03,4.7047124484900715
97,5.0,2015-06-08,4.7047124484900715
98,5.0,2015-06-09,4.7047124484900715
99,5.0,2015-06-10,4.7047124484900715
100,4.0,2015-06-11,3.763769958792057
101,4.0,2015-06-12,3.763769958792057
102,4.0,2015-06-15,3.763769958792057
103,4.0,2015-06-16,3.763769958792057
104,4.0,2015-06-17,3.763769958792057
105,4.0,2015-06-18,3.763769958792057
106,4.0,2015-06-19,3.763769958792057
107,4.0,2015-06-22,3.763769958792057
108,4.0,2015-06-23,3.763769958792057
109,4.0,2015-06-24,3.763769958792057
110,4.0,2015-06-25,3.763769958792057
111,4.0,2015-06-26,3.763769958792057
112,3.5,2015-06-29,3.29329871394305
113,5.0,2015-06-30,4.7047124484900715
114,5.0,2015-07-01,4.677117455502605
115,4.0,2015-07-02,3.7416939644020846
116,4.0,2015-07-03,3.7416939644020846
117,5.0,2015-07-06,4.677117455502605
118,5.0,2015-07-07,4.677117455502605
119,5.0,2015-07-08,4.677117455502605
120,5.0,2015-07-09,4.677117455502605
121,5.0,2015-07-10,4.677117455502605
122,4.0,2015-07-13,3.7416939644020846
123,5.0,2015-07-14,4.677117455502605
124,5.0,2015-07-15,4.677117455502605
125,7.5,2015-07-16,7.015676183253909
126,5.0,2015-07-17,4.677117455502605
127,5.0,2015-07-20,4.677117455502605
128,5.0,2015-07-21,4.677117455502605
129,5.0,2015-07-22,4.677117455502605
130,5.0,2015-07-23,4.677117455502605
131,5.0,2015-07-24,4.677117455502605
132,10.0,2015-07-27,9.35423491100521
133,10.0,2015-07-28,9.35423491100521
134,10.0,2015-07-29,9.35423491100521
135,7.5,2015-07-30,7.015676183253909
136,7.5,2015-07-31,7.015676183253909
137,7.5,2015-08-03,6.98563794011143
138,5.0,2015-08-05,4.657091960074287
139,7.5,2015-08-06,6.98563794011143
140,7.5,2015-08-07,6.98563794011143
141,7.5,2015-08-10,6.98563794011143
142,7.5,2015-08-11,6.98563794011143
143,7.5,2015-08-12,6.98563794011143
144,5.0,2015-08-13,4.657091960074287
145,5.0,2015-08-14,4.657091960074287
146,5.0,2015-08-17,4.657091960074287
147,7.5,2015-08-18,6.98563794011143
148,5.0,2015-08-19,4.657091960074287
149,5.0,2015-08-20,4.657091960074287
150,5.0,2015-08-21,4.657091960074287
151,5.0,2015-08-24,4.657091960074287
152,6.0,2015-08-25,5.588510352089144
153,5.0,2015-08-26,4.657091960074287
154,5.0,2015-08-27,4.657091960074287
155,5.0,2015-08-28,4.657091960074287
156,5.0,2015-08-31,4.657091960074287
157,5.0,2015-09-01,4.638999860617877
158,5.0,2015-09-02,4.638999860617877
159,6.0,2015-09-03,5.566799832741452
160,7.5,2015-09-04,6.958499790926815
161,5.0,2015-09-08,4.638999860617877
162,6.0,2015-09-09,5.566799832741452
163,5.0,2015-09-10,4.638999860617877
164,5.0,2015-09-11,4.638999860617877
165,7.5,2015-09-14,6.958499790926815
166,7.5,2015-09-15,6.958499790926815
167,10.0,2015-09-16,9.277999721235753
168,10.0,2015-09-17,9.277999721235753
169,12.5,2015-09-18,11.597499651544691
170,10.5,2015-09-21,9.741899707297542
171,10.0,2015-09-22,9.277999721235753
172,10.0,2015-09-23,9.277999721235753
173,10.0,2015-09-24,9.277999721235753
174,10.0,2015-09-25,9.277999721235753
175,10.0,2015-09-28,9.277999721235753
176,7.5,2015-09-29,6.958499790926815
177,7.5,2015-09-30,6.958499790926815
178,7.5,2015-10-01,6.912874817133733
179,5.0,2015-10-02,4.608583211422489
180,7.5,2015-10-05,6.912874817133733
181,5.0,2015-10-06,4.608583211422489
182,5.0,2015-10-07,4.608583211422489
183,5.0,2015-10-08,4.608583211422489
184,5.0,2015-10-09,4.608583211422489
185,5.0,2015-10-13,4.608583211422489
186,3.5,2015-10-14,3.226008247995742
187,3.5,2015-10-15,3.226008247995742
188,2.5,2015-10-16,2.3042916057112444
189,2.5,2015-10-19,2.3042916057112444
190,3.5,2015-10-20,3.226008247995742
191,3.5,2015-10-21,3.226008247995742
192,4.0,2015-10-22,3.6868665691379907
193,5.0,2015-10-23,4.608583211422489
194,4.0,2015-10-26,3.6868665691379907
195,4.0,2015-10-27,3.6868665691379907
196,4.0,2015-10-28,3.6868665691379907
197,3.5,2015-10-29,3.226008247995742
198,3.0,2015-11-03,2.741844250722353
199,3.0,2015-11-04,2.741844250722353
200,3.5,2015-11-05,3.198818292509412
201,3.5,2015-11-06,3.198818292509412
202,5.0,2015-11-09,4.569740417870589
203,4.0,2015-11-10,3.655792334296471
204,3.0,2015-11-11,2.741844250722353
205,4.0,2015-11-12,3.655792334296471
206,4.0,2015-11-13,3.655792334296471
207,5.0,2015-11-16,4.569740417870589
208,3.5,2015-11-17,3.198818292509412
209,4.0,2015-11-18,3.655792334296471
210,5.0,2015-11-19,4.569740417870589
211,5.0,2015-11-23,4.569740417870589
212,5.0,2015-11-24,4.569740417870589
213,5.0,2015-11-25,4.569740417870589
214,7.5,2015-11-26,6.854610626805883
215,5.0,2015-11-27,4.569740417870589
216,5.0,2015-11-30,4.569740417870589
217,5.0,2015-12-01,4.516446350929619
218,5.0,2015-12-02,4.516446350929619
219,5.0,2015-12-03,4.516446350929619
220,6.0,2015-12-04,5.419735621115543
221,5.0,2015-12-07,4.516446350929619
222,5.0,2015-12-08,4.516446350929619
223,5.0,2015-12-09,4.516446350929619
224,4.0,2015-12-10,3.6131570807436955
225,4.0,2015-12-11,3.6131570807436955
226,4.0,2015-12-14,3.6131570807436955
227,4.0,2015-12-15,3.6131570807436955
228,4.0,2015-12-16,3.6131570807436955
229,4.0,2015-12-17,3.6131570807436955
230,5.0,2015-12-18,4.516446350929619
231,5.0,2015-12-21,4.516446350929619
232,5.0,2015-12-22,4.516446350929619
233,5.0,2015-12-23,4.516446350929619
234,5.0,2015-12-28,4.516446350929619
235,5.0,2015-12-29,4.516446350929619
236,5.0,2015-12-30,4.516446350929619
237,5.0,2016-01-04,4.475273831678179
238,5.0,2016-01-05,4.475273831678179
239,5.0,2016-01-06,4.475273831678179
240,5.0,2016-01-07,4.475273831678179
241,5.0,2016-01-08,4.475273831678179
242,5.0,2016-01-11,4.475273831678179
243,4.0,2016-01-12,3.5802190653425434
244,4.0,2016-01-13,3.5802190653425434
245,4.0,2016-01-14,3.5802190653425434
246,4.0,2016-01-15,3.5802190653425434
247,5.0,2016-01-18,4.475273831678179
248,5.0,2016-01-19,4.475273831678179
249,5.0,2016-01-21,4.475273831678179
250,7.5,2016-01-22,6.712910747517269
251,7.5,2016-01-25,6.712910747517269
252,12.5,2016-01-26,11.188184579195449
253,10.0,2016-01-27,8.950547663356359
254,9.0,2016-01-28,8.055492897020724
255,9.0,2016-01-29,8.055492897020724
256,12.5,2016-02-01,11.031536757242604
257,15.0,2016-02-02,13.237844108691123
258,12.5,2016-02-03,11.031536757242604
259,12.5,2016-02-04,11.031536757242604
260,12.5,2016-02-11,11.031536757242604
261,12.5,2016-02-12,11.031536757242604
262,7.5,2016-02-15,6.618922054345561
263,7.5,2016-02-16,6.618922054345561
264,5.0,2016-02-17,4.4126147028970415
265,5.0,2016-02-18,4.4126147028970415
266,7.5,2016-02-19,6.618922054345561
267,7.5,2016-02-22,6.618922054345561
268,6.0,2016-02-23,5.295137643476449
269,6.0,2016-02-24,5.295137643476449
270,7.5,2016-02-25,6.618922054345561
271,7.5,2016-02-26,6.618922054345561
272,6.0,2016-02-29,5.295137643476449
273,7.0,2016-03-01,6.151210379424334
274,7.5,2016-03-02,6.590582549383214
275,7.5,2016-03-03,6.590582549383214
276,7.5,2016-03-04,6.590582549383214
277,7.5,2016-03-07,6.590582549383214
278,10.0,2016-03-08,8.787443399177619
279,7.5,2016-03-09,6.590582549383214
280,7.5,2016-03-10,6.590582549383214
281,6.0,2016-03-11,5.272466039506571
282,6.0,2016-03-14,5.272466039506571
283,6.0,2016-03-15,5.272466039506571
284,7.5,2016-03-16,6.590582549383214
285,7.5,2016-03-17,6.590582549383214
286,5.0,2016-03-18,4.393721699588809
287,5.0,2016-03-21,4.393721699588809
288,5.0,2016-03-22,4.393721699588809
289,7.5,2016-03-23,6.590582549383214
290,7.5,2016-03-28,6.590582549383214
291,7.5,2016-03-29,6.590582549383214
292,7.5,2016-03-30,6.590582549383214
293,7.5,2016-03-31,6.590582549383214
294,7.5,2016-04-01,6.55714112962214
295,15.0,2016-04-04,13.11428225924428
296,12.5,2016-04-05,10.928568549370235
297,7.5,2016-04-06,6.55714112962214
298,9.0,2016-04-07,7.868569355546569
299,9.0,2016-04-08,7.868569355546569
300,9.0,2016-04-11,7.868569355546569
301,7.5,2016-04-12,6.55714112962214
302,7.5,2016-04-13,6.55714112962214
303,7.5,2016-04-14,6.55714112962214
304,7.5,2016-04-15,6.55714112962214
305,7.5,2016-04-18,6.55714112962214
306,7.5,2016-04-19,6.55714112962214
307,7.5,2016-04-20,6.55714112962214
308,7.5,2016-04-25,6.55714112962214
309,7.5,2016-04-26,6.55714112962214
310,6.0,2016-04-27,5.245712903697712
311,6.0,2016-04-28,5.245712903697712
312,5.0,2016-04-29,4.371427419748094
313,5.0,2016-05-02,4.33415369794576
314,6.0,2016-05-03,5.200984437534912
315,6.0,2016-05-04,5.200984437534912
316,5.0,2016-05-05,4.33415369794576
317,6.0,2016-05-06,5.200984437534912
318,6.0,2016-05-09,5.200984437534912
319,6.0,2016-05-10,5.200984437534912
320,6.0,2016-05-11,5.200984437534912
321,7.5,2016-05-12,6.501230546918641
322,6.0,2016-05-13,5.200984437534912
323,7.5,2016-05-16,6.501230546918641
324,6.0,2016-05-17,5.200984437534912
325,6.0,2016-05-18,5.200984437534912
326,6.0,2016-05-19,5.200984437534912
327,6.0,2016-05-20,5.200984437534912
328,5.0,2016-05-23,4.33415369794576
329,5.0,2016-05-24,4.33415369794576
330,5.0,2016-05-25,4.33415369794576
331,6.0,2016-05-30,5.200984437534912
332,5.0,2016-05-31,4.33415369794576
333,6.0,2016-06-01,5.180263383998917
334,6.0,2016-06-02,5.180263383998917
335,6.0,2016-06-03,5.180263383998917
336,6.0,2016-06-06,5.180263383998917
337,6.0,2016-06-07,5.180263383998917
338,6.0,2016-06-08,5.180263383998917
339,5.0,2016-06-09,4.3168861533324305
340,6.0,2016-06-10,5.180263383998917
341,7.5,2016-06-13,6.475329229998646
342,7.5,2016-06-14,6.475329229998646
343,7.5,2016-06-15,6.475329229998646
344,8.5,2016-06-16,7.338706460665132
345,10.0,2016-06-17,8.633772306664861
346,10.0,2016-06-20,8.633772306664861
347,7.5,2016-06-21,6.475329229998646
348,10.0,2016-06-22,8.633772306664861
349,8.5,2016-06-23,7.338706460665132
350,8.5,2016-06-24,7.338706460665132
351,6.0,2016-06-27,5.180263383998917
352,8.5,2016-06-28,7.338706460665132
353,6.0,2016-06-29,5.180263383998917
354,5.0,2016-06-30,4.3168861533324305
355,6.0,2016-07-01,5.152440206881756
356,7.5,2016-07-04,6.440550258602194
357,6.0,2016-07-05,5.152440206881756
358,5.0,2016-07-06,4.293700172401462
359,5.0,2016-07-07,4.293700172401462
360,5.0,2016-07-08,4.293700172401462
361,5.0,2016-07-11,4.293700172401462
362,5.0,2016-07-12,4.293700172401462
363,5.0,2016-07-13,4.293700172401462
364,5.0,2016-07-14,4.293700172401462
365,6.0,2016-07-15,5.152440206881756
366,7.5,2016-07-18,6.440550258602194
367,7.5,2016-07-19,6.440550258602194
368,7.5,2016-07-20,6.440550258602194
369,6.0,2016-07-21,5.152440206881756
370,5.0,2016-07-22,4.293700172401462
371,5.0,2016-07-25,4.293700172401462
372,5.0,2016-07-26,4.293700172401462
373,5.0,2016-07-27,4.293700172401462
374,5.0,2016-07-28,4.293700172401462
375,5.0,2016-07-29,4.293700172401462
376,5.0,2016-08-01,4.274465079543517
377,4.0,2016-08-02,3.419572063634814
378,4.5,2016-08-03,3.8470185715891656
379,3.5,2016-08-08,2.9921255556804622
380,3.5,2016-08-09,2.9921255556804622
381,4.0,2016-08-10,3.419572063634814
382,3.5,2016-08-11,2.9921255556804622
383,3.5,2016-08-12,2.9921255556804622
384,3.5,2016-08-15,2.9921255556804622
385,4.0,2016-08-16,3.419572063634814
386,4.0,2016-08-17,3.419572063634814
387,4.0,2016-08-19,3.419572063634814
388,5.0,2016-08-23,4.274465079543517
389,4.0,2016-08-24,3.419572063634814
390,3.5,2016-08-25,2.9921255556804622
391,3.5,2016-08-26,2.9921255556804622
392,3.5,2016-08-29,2.9921255556804622
393,3.5,2016-08-30,2.9921255556804622
394,3.5,2016-08-31,2.9921255556804622
395,4.0,2016-09-01,3.4117250959142114
396,4.0,2016-09-02,3.4117250959142114
397,3.5,2016-09-05,2.985259458924935
398,4.0,2016-09-06,3.4117250959142114
399,3.5,2016-09-08,2.985259458924935
400,3.5,2016-09-09,2.985259458924935
401,3.0,2016-09-12,2.5587938219356583
402,3.5,2016-09-13,2.985259458924935
403,3.5,2016-09-14,2.985259458924935
404,3.0,2016-09-15,2.5587938219356583
405,2.5,2016-09-16,2.132328184946382
406,3.5,2016-09-19,2.985259458924935
407,2.5,2016-09-20,2.132328184946382
408,2.5,2016-09-21,2.132328184946382
409,4.0,2016-09-22,3.4117250959142114
410,2.5,2016-09-23,2.132328184946382
411,2.5,2016-09-26,2.132328184946382
412,2.5,2016-09-27,2.132328184946382
413,3.0,2016-09-28,2.5587938219356583
414,3.5,2016-09-29,2.985259458924935
415,3.5,2016-09-30,2.985259458924935
416,2.5,2016-10-03,2.1282844445018285
417,2.5,2016-10-04,2.1282844445018285
418,3.0,2016-10-05,2.5539413334021943
419,3.5,2016-10-06,2.9795982223025597
420,3.5,2016-10-07,2.9795982223025597
421,3.5,2016-10-10,2.9795982223025597
422,3.5,2016-10-11,2.9795982223025597
423,3.5,2016-10-13,2.9795982223025597
424,3.5,2016-10-14,2.9795982223025597
425,4.0,2016-10-18,3.4052551112029255
426,4.0,2016-10-19,3.4052551112029255
427,4.0,2016-10-20,3.4052551112029255
428,3.5,2016-10-21,2.9795982223025597
429,4.0,2016-10-24,3.4052551112029255
430,4.5,2016-10-25,3.8309120001032912
431,4.0,2016-10-26,3.4052551112029255
432,4.0,2016-10-27,3.4052551112029255
433,3.5,2016-10-31,2.9795982223025597
434,4.0,2016-11-01,3.3964244077427947
435,4.0,2016-11-03,3.3964244077427947
436,3.0,2016-11-04,2.547318305807096
437,3.0,2016-11-07,2.547318305807096
438,3.0,2016-11-08,2.547318305807096
439,3.5,2016-11-09,2.9718713567749453
440,3.5,2016-11-10,2.9718713567749453
441,2.5,2016-11-11,2.1227652548392464
442,4.0,2016-11-16,3.3964244077427947
443,3.5,2016-11-17,2.9718713567749453
444,3.5,2016-11-18,2.9718713567749453
445,6.0,2016-11-21,5.094636611614192
446,5.0,2016-11-22,4.245530509678493
447,5.0,2016-11-23,4.245530509678493
448,5.0,2016-11-24,4.245530509678493
449,5.0,2016-11-25,4.245530509678493
450,4.0,2016-11-28,3.3964244077427947
451,6.0,2016-11-29,5.094636611614192
452,5.0,2016-11-30,4.245530509678493
453,4.5,2016-12-01,3.8137313691093357
454,6.0,2016-12-02,5.084975158812448
455,3.0,2016-12-05,2.542487579406224
456,5.0,2016-12-06,4.237479299010373
457,5.0,2016-12-07,4.237479299010373
458,4.0,2016-12-08,3.3899834392082986
459,4.5,2016-12-09,3.8137313691093357
460,4.0,2016-12-12,3.3899834392082986
461,5.0,2016-12-13,4.237479299010373
462,5.0,2016-12-14,4.237479299010373
463,4.0,2016-12-15,3.3899834392082986
464,4.0,2016-12-16,3.3899834392082986
465,4.0,2016-12-19,3.3899834392082986
466,4.0,2016-12-20,3.3899834392082986
467,4.0,2016-12-21,3.3899834392082986
468,4.0,2016-12-22,3.3899834392082986
469,4.0,2016-12-26,3.3899834392082986
470,4.0,2016-12-27,3.3899834392082986
471,4.0,2016-12-28,3.3899834392082986
472,4.0,2016-12-29,3.3899834392082986
473,4.0,2017-01-02,3.379506967608711
474,4.0,2017-01-03,3.379506967608711
475,5.0,2017-01-04,4.224383709510889
476,5.0,2017-01-05,4.224383709510889
477,7.5,2017-01-06,6.336575564266334
478,5.0,2017-01-09,4.224383709510889
479,5.0,2017-01-10,4.224383709510889
480,5.0,2017-01-11,4.224383709510889
481,5.0,2017-01-12,4.224383709510889
482,5.0,2017-01-13,4.224383709510889
483,5.0,2017-01-16,4.224383709510889
484,4.0,2017-01-17,3.379506967608711
485,5.0,2017-01-18,4.224383709510889
486,5.0,2017-01-19,4.224383709510889
487,5.0,2017-01-23,4.224383709510889
488,5.0,2017-01-24,4.224383709510889
489,5.0,2017-01-25,4.224383709510889
490,5.0,2017-01-26,4.224383709510889
491,5.0,2017-01-27,4.224383709510889
492,4.0,2017-01-30,3.379506967608711
493,5.0,2017-01-31,4.224383709510889
494,5.0,2017-02-01,4.201694558892867
495,5.0,2017-02-02,4.201694558892867
496,5.0,2017-02-03,4.201694558892867
497,6.0,2017-02-06,5.0420334706714405
498,6.0,2017-02-07,5.0420334706714405
499,6.0,2017-02-08,5.0420334706714405
500,6.0,2017-02-09,5.0420334706714405
501,5.0,2017-02-10,4.201694558892867
502,5.0,2017-02-13,4.201694558892867
503,5.0,2017-02-14,4.201694558892867
504,5.0,2017-02-15,4.201694558892867
505,5.0,2017-02-16,4.201694558892867
506,5.0,2017-02-17,4.201694558892867
507,5.0,2017-02-20,4.201694558892867
508,5.0,2017-02-21,4.201694558892867
509,5.0,2017-02-22,4.201694558892867
510,5.0,2017-02-23,4.201694558892867
511,7.5,2017-03-02,6.2931021850617075
512,7.5,2017-03-03,6.2931021850617075
513,7.5,2017-03-06,6.2931021850617075
514,7.5,2017-03-07,6.2931021850617075
515,5.0,2017-03-08,4.195401456707804
516,5.0,2017-03-09,4.195401456707804
517,5.0,2017-03-10,4.195401456707804
518,5.0,2017-03-13,4.195401456707804
519,5.0,2017-03-14,4.195401456707804
520,5.0,2017-03-15,4.195401456707804
521,5.0,2017-03-16,4.195401456707804
522,6.0,2017-03-17,5.034481748049366
523,5.0,2017-03-20,4.195401456707804
524,5.0,2017-03-21,4.195401456707804
525,5.0,2017-03-22,4.195401456707804
526,5.0,2017-03-23,4.195401456707804
527,5.0,2017-03-24,4.195401456707804
528,10.0,2017-03-27,8.390802913415609
529,7.5,2017-03-28,6.2931021850617075
530,6.0,2017-03-29,5.034481748049366
531,5.0,2017-03-30,4.195401456707804
532,5.0,2017-03-31,4.195401456707804
533,5.0,2017-04-03,4.186609576596951
534,5.0,2017-04-04,4.186609576596951
535,5.0,2017-04-05,4.186609576596951
536,4.0,2017-04-06,3.349287661277561
537,3.0,2017-04-07,2.511965745958171
538,3.0,2017-04-10,2.511965745958171
539,3.0,2017-04-11,2.511965745958171
540,3.0,2017-04-12,2.511965745958171
541,1.66,2017-04-17,1.3899543794301878
542,1.66,2017-04-18,1.3899543794301878
543,1.66,2017-04-19,1.3899543794301878
544,1.66,2017-04-20,1.3899543794301878
545,1.66,2017-04-24,1.3899543794301878
546,1.66,2017-04-25,1.3899543794301878
547,1.66,2017-04-26,1.3899543794301878
548,1.66,2017-04-27,1.3899543794301878
549,1.66,2017-04-28,1.3899543794301878
550,1.66,2017-05-02,1.3866264758880564
551,1.66,2017-05-03,1.3866264758880564
552,1.66,2017-05-04,1.3866264758880564
553,1.66,2017-05-05,1.3866264758880564
554,1.66,2017-05-08,1.3866264758880564
555,1.66,2017-05-09,1.3866264758880564
556,1.66,2017-05-10,1.3866264758880564
557,1.66,2017-05-11,1.3866264758880564
558,1.66,2017-05-12,1.3866264758880564
559,1.66,2017-05-15,1.3866264758880564
560,1.66,2017-05-16,1.3866264758880564
561,1.33,2017-05-17,1.1109718150187442
562,1.33,2017-05-18,1.1109718150187442
563,1.33,2017-05-19,1.1109718150187442
564,1.33,2017-05-22,1.1109718150187442
565,1.33,2017-05-23,1.1109718150187442
566,1.66,2017-05-24,1.3866264758880564
567,1.66,2017-05-25,1.3866264758880564
568,1.66,2017-05-26,1.3866264758880564
569,1.66,2017-05-29,1.3866264758880564
570,3.33,2017-05-30,2.7816061233176077
571,3.33,2017-05-31,2.7816061233176077
572,3.33,2017-06-01,2.7771626630567168
573,3.33,2017-06-02,2.7771626630567168
574,3.33,2017-06-05,2.7771626630567168
575,3.33,2017-06-06,2.7771626630567168
576,3.33,2017-06-07,2.7771626630567168
577,2.5,2017-06-08,2.0849569542467843
578,2.5,2017-06-09,2.0849569542467843
579,2.5,2017-06-12,2.0849569542467843
580,2.5,2017-06-13,2.0849569542467843
581,2.5,2017-06-14,2.0849569542467843
582,2.5,2017-06-19,2.0849569542467843
583,2.5,2017-06-20,2.0849569542467843
584,2.5,2017-06-21,2.0849569542467843
585,2.5,2017-06-22,2.0849569542467843
586,2.5,2017-06-23,2.0849569542467843
587,2.5,2017-06-26,2.0849569542467843
588,2.0,2017-06-27,1.6679655633974275
589,2.0,2017-06-28,1.6679655633974275
590,2.0,2017-06-29,1.6679655633974275
591,2.5,2017-06-30,2.0849569542467843
592,2.5,2017-07-03,2.0887166442063556
593,2.0,2017-07-04,1.6709733153650845
594,2.0,2017-07-05,1.6709733153650845
595,2.0,2017-07-06,1.6709733153650845
596,2.0,2017-07-07,1.6709733153650845
597,2.0,2017-07-10,1.6709733153650845
598,2.0,2017-07-11,1.6709733153650845
599,2.0,2017-07-12,1.6709733153650845
600,2.0,2017-07-13,1.6709733153650845
601,2.0,2017-07-14,1.6709733153650845
602,2.0,2017-07-17,1.6709733153650845
603,2.0,2017-07-18,1.6709733153650845
604,2.0,2017-07-19,1.6709733153650845
605,1.66,2017-07-20,1.38690785175302
606,1.66,2017-07-21,1.38690785175302
607,1.66,2017-07-24,1.38690785175302
608,1.66,2017-07-25,1.38690785175302
609,2.0,2017-07-26,1.6709733153650845
610,2.0,2017-07-27,1.6709733153650845
611,1.66,2017-07-28,1.38690785175302
612,2.5,2017-07-31,2.0887166442063556
613,2.5,2017-08-01,2.081431633489143
614,2.0,2017-08-02,1.6651453067913147
615,2.0,2017-08-03,1.6651453067913147
616,2.0,2017-08-04,1.6651453067913147
617,2.0,2017-08-07,1.6651453067913147
618,1.66,2017-08-08,1.3820706046367912
619,1.66,2017-08-09,1.3820706046367912
620,2.5,2017-08-10,2.081431633489143
621,1.66,2017-08-11,1.3820706046367912
622,1.66,2017-08-14,1.3820706046367912
623,1.66,2017-08-15,1.3820706046367912
624,1.66,2017-08-16,1.3820706046367912
625,1.66,2017-08-17,1.3820706046367912
626,1.66,2017-08-18,1.3820706046367912
627,1.66,2017-08-21,1.3820706046367912
628,1.66,2017-08-22,1.3820706046367912
629,1.66,2017-08-23,1.3820706046367912
630,1.66,2017-08-24,1.3820706046367912
631,1.66,2017-08-25,1.3820706046367912
632,1.66,2017-08-28,1.3820706046367912
633,2.0,2017-08-29,1.6651453067913147
634,2.0,2017-08-30,1.6651453067913147
635,2.0,2017-08-31,1.6651453067913147
636,2.0,2017-09-01,1.663315659565792
637,2.0,2017-09-04,1.663315659565792
638,2.0,2017-09-05,1.663315659565792
639,2.0,2017-09-06,1.663315659565792
640,1.66,2017-09-11,1.3805519974396074
641,1.66,2017-09-12,1.3805519974396074
642,1.66,2017-09-13,1.3805519974396074
643,1.66,2017-09-14,1.3805519974396074
644,1.66,2017-09-15,1.3805519974396074
645,1.66,2017-09-18,1.3805519974396074
646,1.66,2017-09-19,1.3805519974396074
647,1.66,2017-09-20,1.3805519974396074
648,1.66,2017-09-21,1.3805519974396074
649,1.66,2017-09-22,1.3805519974396074
650,1.66,2017-09-25,1.3805519974396074
651,1.66,2017-09-26,1.3805519974396074
652,1.66,2017-09-27,1.3805519974396074
653,1.66,2017-09-28,1.3805519974396074
654,1.66,2017-09-29,1.3805519974396074
655,1.66,2017-10-02,1.3758740257520503
656,1.66,2017-10-03,1.3758740257520503
657,1.66,2017-10-04,1.3758740257520503
658,1.66,2017-10-05,1.3758740257520503
659,1.66,2017-10-06,1.3758740257520503
660,1.66,2017-10-09,1.3758740257520503
661,1.66,2017-10-10,1.3758740257520503
662,1.66,2017-10-11,1.3758740257520503
663,1.66,2017-10-17,1.3758740257520503
664,1.66,2017-10-18,1.3758740257520503
665,1.66,2017-10-19,1.3758740257520503
666,1.66,2017-10-20,1.3758740257520503
667,1.66,2017-10-23,1.3758740257520503
668,1.66,2017-10-24,1.3758740257520503
669,1.66,2017-10-25,1.3758740257520503
670,1.33,2017-10-26,1.1023569001507392
671,1.33,2017-10-27,1.1023569001507392
672,1.33,2017-10-30,1.1023569001507392
673,1.33,2017-10-31,1.1023569001507392
674,1.33,2017-11-01,1.0988406101981052
675,1.33,2017-11-06,1.0988406101981052
676,1.33,2017-11-07,1.0988406101981052
677,1.33,2017-11-08,1.0988406101981052
678,1.33,2017-11-09,1.0988406101981052
679,1.33,2017-11-10,1.0988406101981052
680,1.33,2017-11-13,1.0988406101981052
681,2.0,2017-11-14,1.6523918950347445
682,2.0,2017-11-16,1.6523918950347445
683,2.0,2017-11-17,1.6523918950347445
684,1.33,2017-11-21,1.0988406101981052
685,1.33,2017-11-22,1.0988406101981052
686,1.66,2017-11-23,1.371485272878838
687,1.66,2017-11-24,1.371485272878838
688,1.66,2017-11-27,1.371485272878838
689,1.66,2017-11-28,1.371485272878838
690,1.66,2017-11-29,1.371485272878838
691,1.66,2017-11-30,1.371485272878838
692,1.66,2017-12-01,1.3667018165210143
693,2.0,2017-12-04,1.6466286946036317
694,3.0,2017-12-05,2.469943041905448
695,3.0,2017-12-06,2.469943041905448
696,3.0,2017-12-07,2.469943041905448
697,2.5,2017-12-08,2.0582858682545395
698,2.5,2017-12-11,2.0582858682545395
699,2.5,2017-12-12,2.0582858682545395
700,2.5,2017-12-13,2.0582858682545395
701,2.5,2017-12-14,2.0582858682545395
702,2.5,2017-12-15,2.0582858682545395
703,2.5,2017-12-18,2.0582858682545395
704,2.0,2017-12-19,1.6466286946036317
705,2.5,2017-12-20,2.0582858682545395
706,2.5,2017-12-21,2.0582858682545395
707,2.5,2017-12-22,2.0582858682545395
708,2.5,2017-12-26,2.0582858682545395
709,2.5,2017-12-27,2.0582858682545395
710,2.5,2017-12-28,2.0582858682545395
711,2.5,2018-01-02,2.0502897382752665
712,2.5,2018-01-03,2.0502897382752665
713,2.5,2018-01-04,2.0502897382752665
714,2.5,2018-01-05,2.0502897382752665
715,2.5,2018-01-08,2.0502897382752665
716,2.5,2018-01-09,2.0502897382752665
717,2.5,2018-01-10,2.0502897382752665
718,2.0,2018-01-11,1.640231790620213
719,2.0,2018-01-12,1.640231790620213
720,2.0,2018-01-15,1.640231790620213
721,1.66,2018-01-16,1.3613923862147768
722,1.66,2018-01-17,1.3613923862147768
723,2.5,2018-01-18,2.0502897382752665
724,1.66,2018-01-19,1.3613923862147768
725,1.66,2018-01-22,1.3613923862147768
726,1.66,2018-01-23,1.3613923862147768
727,1.66,2018-01-24,1.3613923862147768
728,2.0,2018-01-25,1.640231790620213
729,1.66,2018-01-26,1.3613923862147768
730,1.66,2018-01-29,1.3613923862147768
731,2.0,2018-01-30,1.640231790620213
732,1.66,2018-01-31,1.3613923862147768
733,1.66,2018-02-01,1.3562386792336887
734,1.66,2018-02-02,1.3562386792336887
735,1.66,2018-02-05,1.3562386792336887
736,1.66,2018-02-06,1.3562386792336887
737,1.66,2018-02-07,1.3562386792336887
738,1.66,2018-02-08,1.3562386792336887
739,1.66,2018-02-16,1.3562386792336887
740,2.5,2018-02-19,2.0425281313760375
741,2.5,2018-02-20,2.0425281313760375
742,1.66,2018-02-21,1.3562386792336887
743,1.66,2018-02-22,1.3562386792336887
744,6.64,2018-02-26,5.424954716934755
745,6.64,2018-02-27,5.424954716934755
746,8.0,2018-02-28,6.53609002040332
747,8.0,2018-03-01,6.529560459943375
748,4.28,2018-03-02,3.493314846069706
749,6.64,2018-03-05,5.419535181753002
750,8.0,2018-03-06,6.529560459943375
751,8.0,2018-03-07,6.529560459943375
752,8.0,2018-03-08,6.529560459943375
753,8.0,2018-03-09,6.529560459943375
754,8.0,2018-03-12,6.529560459943375
755,8.0,2018-03-13,6.529560459943375
756,8.0,2018-03-14,6.529560459943375
757,8.0,2018-03-15,6.529560459943375
758,8.0,2018-03-16,6.529560459943375
759,8.0,2018-03-19,6.529560459943375
760,10.0,2018-03-20,8.16195057492922
761,10.0,2018-03-21,8.16195057492922
762,10.0,2018-03-22,8.16195057492922
763,10.0,2018-03-23,8.16195057492922
764,10.0,2018-03-26,8.16195057492922
765,13.32,2018-03-27,10.87171816580572
766,10.0,2018-03-28,8.16195057492922
767,7.92,2018-04-02,6.450718346815629
768,7.92,2018-04-03,6.450718346815629
769,6.6,2018-04-04,5.375598622346357
770,6.6,2018-04-05,5.375598622346357
771,6.6,2018-04-06,5.375598622346357
772,7.92,2018-04-09,6.450718346815629
773,9.96,2018-04-11,8.112267011904503
774,9.96,2018-04-12,8.112267011904503
775,9.96,2018-04-13,8.112267011904503
776,6.6,2018-04-16,5.375598622346357
777,6.6,2018-04-17,5.375598622346357
778,9.96,2018-04-18,8.112267011904503
779,7.92,2018-04-19,6.450718346815629
780,9.96,2018-04-20,8.112267011904503
781,9.96,2018-04-24,8.112267011904503
782,9.96,2018-04-25,8.112267011904503
783,12.0,2018-04-26,9.773815676993378
784,7.92,2018-04-27,6.450718346815629
785,13.32,2018-04-30,10.848935401462649
786,12.0,2018-05-02,9.760151464942457
787,7.92,2018-05-03,6.441699966862021
788,7.92,2018-05-04,6.441699966862021
789,9.96,2018-05-07,8.10092571590224
790,9.96,2018-05-08,8.10092571590224
791,7.92,2018-05-09,6.441699966862021
792,7.92,2018-05-10,6.441699966862021
793,7.92,2018-05-11,6.441699966862021
794,7.92,2018-05-14,6.441699966862021
795,9.96,2018-05-15,8.10092571590224
796,7.92,2018-05-16,6.441699966862021
797,6.6,2018-05-17,5.3680833057183515
798,7.92,2018-05-18,6.441699966862021
799,7.92,2018-05-21,6.441699966862021
800,9.96,2018-05-22,8.10092571590224
801,26.64,2018-05-23,21.667536252172255
802,46.56,2018-05-24,37.86938768397673
803,46.56,2018-05-25,37.86938768397673
804,6.6,2018-05-28,5.3680833057183515
805,46.56,2018-05-29,37.86938768397673
806,13.32,2018-05-30,10.833768126086127
807,6.6,2018-06-04,5.309151721608496
808,6.6,2018-06-05,5.309151721608496
809,6.6,2018-06-06,5.309151721608496
810,6.6,2018-06-07,5.309151721608496
811,6.6,2018-06-08,5.309151721608496
812,6.6,2018-06-11,5.309151721608496
813,6.6,2018-06-12,5.309151721608496
814,6.6,2018-06-14,5.309151721608496
815,5.28,2018-06-15,4.247321377286797
816,5.28,2018-06-18,4.247321377286797
817,5.28,2018-06-19,4.247321377286797
818,6.6,2018-06-20,5.309151721608496
819,6.6,2018-06-21,5.309151721608496
820,6.6,2018-06-25,5.309151721608496
821,6.6,2018-06-26,5.309151721608496
822,6.6,2018-06-27,5.309151721608496
823,6.6,2018-06-28,5.309151721608496
824,6.6,2018-06-29,5.309151721608496
825,6.6,2018-07-03,5.275389230533085
826,7.92,2018-07-04,6.330467076639702
827,7.92,2018-07-05,6.330467076639702
828,6.6,2018-07-06,5.275389230533085
829,6.6,2018-07-09,5.275389230533085
830,6.6,2018-07-10,5.275389230533085
831,6.6,2018-07-11,5.275389230533085
832,6.6,2018-07-12,5.275389230533085
833,6.6,2018-07-13,5.275389230533085
834,6.6,2018-07-16,5.275389230533085
835,6.6,2018-07-17,5.275389230533085
836,6.6,2018-07-18,5.275389230533085
837,6.6,2018-07-19,5.275389230533085
838,6.6,2018-07-20,5.275389230533085
839,6.6,2018-07-23,5.275389230533085
840,6.6,2018-07-24,5.275389230533085
841,6.6,2018-07-25,5.275389230533085
842,6.6,2018-07-26,5.275389230533085
843,6.6,2018-07-27,5.275389230533085
844,6.6,2018-07-30,5.275389230533085
845,6.6,2018-07-31,5.275389230533085
846,6.6,2018-08-01,5.268540128366208
847,6.6,2018-08-02,5.268540128366208
848,6.6,2018-08-03,5.268540128366208
849,7.92,2018-08-06,6.32224815403945
850,6.6,2018-08-07,5.268540128366208
851,6.6,2018-08-08,5.268540128366208
852,6.6,2018-08-09,5.268540128366208
853,7.92,2018-08-10,6.32224815403945
854,7.92,2018-08-13,6.32224815403945
855,7.92,2018-08-14,6.32224815403945
856,7.92,2018-08-15,6.32224815403945
857,7.92,2018-08-16,6.32224815403945
858,7.92,2018-08-17,6.32224815403945
859,7.92,2018-08-20,6.32224815403945
860,9.96,2018-08-21,7.950706011898097
861,9.96,2018-08-22,7.950706011898097
862,9.96,2018-08-23,7.950706011898097
863,9.96,2018-08-24,7.950706011898097
864,7.92,2018-08-27,6.32224815403945
865,7.92,2018-08-28,6.32224815403945
866,7.92,2018-08-29,6.32224815403945
867,7.92,2018-08-30,6.32224815403945
868,7.92,2018-08-31,6.32224815403945
869,9.96,2018-09-03,7.943556810768406
870,7.92,2018-09-04,6.316563247117045
871,6.6,2018-09-05,5.263802705930871
872,7.92,2018-09-06,6.316563247117045
873,7.92,2018-09-10,6.316563247117045
874,7.92,2018-09-11,6.316563247117045
875,7.92,2018-09-12,6.316563247117045
876,7.92,2018-09-13,6.316563247117045
877,7.92,2018-09-14,6.316563247117045
878,7.92,2018-09-17,6.316563247117045
879,7.92,2018-09-18,6.316563247117045
880,7.92,2018-09-19,6.316563247117045
881,6.6,2018-09-20,5.263802705930871
882,6.6,2018-09-21,5.263802705930871
883,6.6,2018-09-24,5.263802705930871
884,6.6,2018-09-25,5.263802705930871
885,7.92,2018-09-26,6.316563247117045
886,7.92,2018-09-27,6.316563247117045
887,7.92,2018-09-28,6.316563247117045
888,9.96,2018-10-01,7.897749861571293
889,9.96,2018-10-02,7.897749861571293
890,9.96,2018-10-03,7.897749861571293
891,9.96,2018-10-04,7.897749861571293
892,7.92,2018-10-05,6.280138444141027
893,7.92,2018-10-08,6.280138444141027
894,7.92,2018-10-09,6.280138444141027
895,7.92,2018-10-10,6.280138444141027
896,7.92,2018-10-11,6.280138444141027
897,7.92,2018-10-15,6.280138444141027
898,7.92,2018-10-16,6.280138444141027
899,7.92,2018-10-17,6.280138444141027
900,7.92,2018-10-18,6.280138444141027
901,7.92,2018-10-19,6.280138444141027
902,7.92,2018-10-22,6.280138444141027
903,6.6,2018-10-23,5.233448703450856
904,6.6,2018-10-24,5.233448703450856
905,6.6,2018-10-25,5.233448703450856
906,6.6,2018-10-26,5.233448703450856
907,6.6,2018-10-29,5.233448703450856
908,6.6,2018-10-30,5.233448703450856
909,6.6,2018-10-31,5.233448703450856
910,7.92,2018-11-01,6.26822880940316
911,6.6,2018-11-05,5.223524007835966
912,6.6,2018-11-06,5.223524007835966
913,6.66,2018-11-07,5.2710105897253845
914,6.66,2018-11-08,5.2710105897253845
915,7.92,2018-11-09,6.26822880940316
916,7.92,2018-11-12,6.26822880940316
917,7.92,2018-11-13,6.26822880940316
918,7.92,2018-11-14,6.26822880940316
919,7.92,2018-11-16,6.26822880940316
920,7.92,2018-11-19,6.26822880940316
921,6.6,2018-11-21,5.223524007835966
922,6.6,2018-11-22,5.223524007835966
923,6.6,2018-11-23,5.223524007835966
924,6.6,2018-11-26,5.223524007835966
925,6.6,2018-11-27,5.223524007835966
926,6.6,2018-11-28,5.223524007835966
927,6.6,2018-11-29,5.223524007835966
928,6.6,2018-11-30,5.223524007835966
929,6.6,2018-12-03,5.231895039899807
930,6.6,2018-12-04,5.231895039899807
931,6.6,2018-12-05,5.231895039899807
932,6.6,2018-12-06,5.231895039899807
933,7.92,2018-12-07,6.278274047879768
934,7.92,2018-12-10,6.278274047879768
935,7.92,2018-12-11,6.278274047879768
936,5.28,2018-12-12,4.185516031919846
937,5.28,2018-12-13,4.185516031919846
938,6.6,2018-12-14,5.231895039899807
939,6.6,2018-12-17,5.231895039899807
940,6.6,2018-12-18,5.231895039899807
941,6.6,2018-12-19,5.231895039899807
942,6.6,2018-12-20,5.231895039899807
943,6.6,2018-12-21,5.231895039899807
944,6.6,2018-12-26,5.231895039899807
945,9.96,2018-12-27,7.895405242030619
946,9.96,2018-12-28,7.895405242030619
947,6.66,2019-01-02,5.26366672191497
948,9.99,2019-01-03,7.895500082872456
949,7.99,2019-01-04,6.314819385600693
950,6.6,2019-01-07,5.216246300996818
951,6.6,2019-01-08,5.216246300996818
952,6.6,2019-01-09,5.216246300996818
953,7.92,2019-01-10,6.259495561196181
954,7.92,2019-01-11,6.259495561196181
955,7.92,2019-01-14,6.259495561196181
956,7.92,2019-01-15,6.259495561196181
957,7.92,2019-01-16,6.259495561196181
958,7.92,2019-01-17,6.259495561196181
959,7.92,2019-01-18,6.259495561196181
960,7.92,2019-01-21,6.259495561196181
961,7.92,2019-01-22,6.259495561196181
962,7.92,2019-01-23,6.259495561196181
963,7.92,2019-01-24,6.259495561196181
964,7.92,2019-01-25,6.259495561196181
965,7.92,2019-01-28,6.259495561196181
966,7.92,2019-01-29,6.259495561196181
967,7.92,2019-01-30,6.259495561196181
968,9.99,2019-01-31,7.895500082872456
969,9.99,2019-02-01,7.86874634529844
970,9.99,2019-02-04,7.86874634529844
971,7.99,2019-02-05,6.293421751645099
972,7.99,2019-02-06,6.293421751645099
973,7.99,2019-02-07,6.293421751645099
974,7.99,2019-02-08,6.293421751645099
975,7.99,2019-02-11,6.293421751645099
976,9.99,2019-02-12,7.86874634529844
977,9.99,2019-02-13,7.86874634529844
978,9.99,2019-02-14,7.86874634529844
979,9.99,2019-02-15,7.86874634529844
980,9.99,2019-02-18,7.86874634529844
981,9.99,2019-02-19,7.86874634529844
982,9.99,2019-02-20,7.86874634529844
983,9.99,2019-02-21,7.86874634529844
984,9.99,2019-02-22,7.86874634529844
985,9.99,2019-02-25,7.86874634529844
986,9.99,2019-02-26,7.86874634529844
987,9.99,2019-02-27,7.86874634529844
988,9.99,2019-02-28,7.86874634529844
989,9.99,2019-03-07,7.826483335287885
990,9.99,2019-03-08,7.826483335287885
991,13.33,2019-03-11,10.44314543137012
992,13.33,2019-03-12,10.44314543137012
993,13.33,2019-03-13,10.44314543137012
994,13.33,2019-03-14,10.44314543137012
995,13.33,2019-03-15,10.44314543137012
996,13.33,2019-03-18,10.44314543137012
997,13.33,2019-03-19,10.44314543137012
998,13.33,2019-03-20,10.44314543137012
999,9.99,2019-03-21,7.826483335287885
1000,9.99,2019-03-22,7.826483335287885
1001,9.99,2019-03-25,7.826483335287885
1002,9.99,2019-03-26,7.826483335287885
1003,9.99,2019-03-27,7.826483335287885
1004,9.99,2019-03-28,7.826483335287885
1005,13.99,2019-03-29,10.960210396464214
1006,13.99,2019-04-01,10.881860997283773
1007,13.99,2019-04-02,10.881860997283773
1008,13.99,2019-04-03,10.881860997283773
1009,13.99,2019-04-04,10.881860997283773
1010,13.99,2019-04-05,10.881860997283773
1011,13.99,2019-04-08,10.881860997283773
1012,13.99,2019-04-10,10.881860997283773
1013,9.99,2019-04-11,7.770535479833088
1014,9.99,2019-04-12,7.770535479833088
1015,9.99,2019-04-15,7.770535479833088
1016,9.99,2019-04-16,7.770535479833088
1017,9.99,2019-04-17,7.770535479833088
1018,13.33,2019-04-18,10.36849228690441
1019,9.99,2019-04-24,7.770535479833088
1020,9.99,2019-04-25,7.770535479833088
1021,7.99,2019-04-26,6.214872721107745
1022,7.99,2019-04-29,6.214872721107745
1023,9.99,2019-04-30,7.770535479833088
1024,9.99,2019-05-02,7.74343346271359
1025,9.99,2019-05-03,7.74343346271359
1026,9.99,2019-05-06,7.74343346271359
1027,9.99,2019-05-07,7.74343346271359
1028,9.99,2019-05-08,7.74343346271359
1029,9.99,2019-05-09,7.74343346271359
1030,9.99,2019-05-10,7.74343346271359
1031,10.0,2019-05-13,7.75118464736095
1032,10.0,2019-05-14,7.75118464736095
1033,10.0,2019-05-15,7.75118464736095
1034,10.0,2019-05-16,7.75118464736095
1035,10.0,2019-05-17,7.75118464736095
1036,10.0,2019-05-20,7.75118464736095
1037,8.0,2019-05-21,6.20094771788876
1038,8.0,2019-05-22,6.20094771788876
1039,8.0,2019-05-23,6.20094771788876
1040,8.0,2019-05-24,6.20094771788876
1041,8.0,2019-05-27,6.20094771788876
1042,10.0,2019-05-28,7.75118464736095
1043,10.0,2019-05-29,7.75118464736095
1044,6.67,2019-05-30,5.170040159789754
1045,6.67,2019-05-31,5.170040159789754
1046,6.67,2019-06-03,5.16693999579228
1047,6.67,2019-06-04,5.16693999579228
1048,6.67,2019-06-05,5.16693999579228
1049,6.67,2019-06-06,5.16693999579228
1050,6.67,2019-06-07,5.16693999579228
1051,6.67,2019-06-10,5.16693999579228
1052,6.67,2019-06-11,5.16693999579228
1053,6.67,2019-06-12,5.16693999579228
1054,6.67,2019-06-13,5.16693999579228
1055,8.0,2019-06-14,6.197229380260605
1056,6.67,2019-06-17,5.16693999579228
1057,6.67,2019-06-18,5.16693999579228
1058,6.67,2019-06-19,5.16693999579228
1059,6.67,2019-06-24,5.16693999579228
1060,6.67,2019-06-25,5.16693999579228
1061,6.67,2019-06-26,5.16693999579228
1062,6.67,2019-06-27,5.16693999579228
1063,6.67,2019-06-28,5.16693999579228
1064,6.67,2019-07-01,5.16229393125415
1065,8.0,2019-07-02,6.19165688906045
1066,8.0,2019-07-03,6.19165688906045
1067,8.0,2019-07-04,6.19165688906045
1068,8.0,2019-07-05,6.19165688906045
1069,8.0,2019-07-08,6.19165688906045
1070,8.0,2019-07-09,6.19165688906045
1071,8.0,2019-07-10,6.19165688906045
1072,8.0,2019-07-11,6.19165688906045
1073,8.0,2019-07-12,6.19165688906045
1074,8.0,2019-07-15,6.19165688906045
1075,8.0,2019-07-16,6.19165688906045
1076,8.0,2019-07-17,6.19165688906045
1077,8.0,2019-07-18,6.19165688906045
1078,8.0,2019-07-19,6.19165688906045
1079,8.0,2019-07-22,6.19165688906045
1080,8.0,2019-07-23,6.19165688906045
1081,8.0,2019-07-24,6.19165688906045
1082,8.0,2019-07-25,6.19165688906045
1083,8.0,2019-07-26,6.19165688906045
1084,8.0,2019-07-29,6.19165688906045
1085,8.0,2019-07-30,6.19165688906045
1086,8.0,2019-07-31,6.19165688906045
1087,8.0,2019-08-01,6.186707523042018
1088,8.0,2019-08-02,6.186707523042018
1089,8.0,2019-08-05,6.186707523042018
1090,8.0,2019-08-06,6.186707523042018
1091,8.0,2019-08-07,6.186707523042018
1092,8.0,2019-08-08,6.186707523042018
1093,8.0,2019-08-09,6.186707523042018
1094,8.0,2019-08-12,6.186707523042018
1095,8.0,2019-08-13,6.186707523042018
1096,6.67,2019-08-14,5.158167397336282
1097,6.67,2019-08-15,5.158167397336282
1098,6.67,2019-08-16,5.158167397336282
1099,6.67,2019-08-19,5.158167397336282
1100,6.67,2019-08-20,5.158167397336282
1101,6.67,2019-08-21,5.158167397336282
1102,6.67,2019-08-22,5.158167397336282
1103,6.67,2019-08-23,5.158167397336282
1104,6.67,2019-08-26,5.158167397336282
1105,6.67,2019-08-27,5.158167397336282
1106,6.67,2019-08-28,5.158167397336282
1107,6.67,2019-08-29,5.158167397336282
1108,6.67,2019-08-30,5.158167397336282
1109,6.67,2019-09-02,5.153529221037348
1110,6.67,2019-09-03,5.153529221037348
1111,6.67,2019-09-04,5.153529221037348
1112,6.67,2019-09-05,5.153529221037348
1113,6.67,2019-09-06,5.153529221037348
1114,6.67,2019-09-09,5.153529221037348
1115,6.67,2019-09-10,5.153529221037348
1116,6.67,2019-09-11,5.153529221037348
1117,6.67,2019-09-12,5.153529221037348
1118,6.67,2019-09-13,5.153529221037348
1119,6.67,2019-09-16,5.153529221037348
1120,6.67,2019-09-17,5.153529221037348
1121,6.67,2019-09-18,5.153529221037348
1122,6.67,2019-09-19,5.153529221037348
1123,6.67,2019-09-20,5.153529221037348
1124,6.67,2019-09-23,5.153529221037348
1125,6.67,2019-09-24,5.153529221037348
1126,6.67,2019-09-25,5.153529221037348
1127,5.34,2019-09-26,4.125913949076378
1128,6.67,2019-09-27,5.153529221037348
1129,6.67,2019-09-30,5.153529221037348
1130,6.67,2019-10-01,5.14889521534354
1131,6.67,2019-10-02,5.14889521534354
1132,6.67,2019-10-03,5.14889521534354
1133,6.67,2019-10-04,5.14889521534354
1134,6.67,2019-10-07,5.14889521534354
1135,6.67,2019-10-08,5.14889521534354
1136,6.67,2019-10-09,5.14889521534354
1137,6.67,2019-10-10,5.14889521534354
1138,6.67,2019-10-11,5.14889521534354
1139,6.67,2019-10-14,5.14889521534354
1140,6.67,2019-10-15,5.14889521534354
1141,6.67,2019-10-16,5.14889521534354
1142,6.67,2019-10-17,5.14889521534354
1143,6.67,2019-10-18,5.14889521534354
1144,6.67,2019-10-22,5.14889521534354
1145,6.67,2019-10-23,5.14889521534354
1146,6.67,2019-10-24,5.14889521534354
1147,6.67,2019-10-25,5.14889521534354
1148,6.67,2019-10-29,5.14889521534354
1149,6.67,2019-10-30,5.14889521534354
1150,6.67,2019-10-31,5.14889521534354
1151,8.0,2019-11-01,6.16695273135576
1152,8.0,2019-11-04,6.16695273135576
1153,8.0,2019-11-05,6.16695273135576
1154,8.0,2019-11-06,6.16695273135576
1155,8.0,2019-11-07,6.16695273135576
1156,8.0,2019-11-08,6.16695273135576
1157,8.0,2019-11-11,6.16695273135576
1158,8.0,2019-11-12,6.16695273135576
1159,6.67,2019-11-13,5.1416968397678655
1160,6.67,2019-11-14,5.1416968397678655
1161,6.67,2019-11-18,5.1416968397678655
1162,6.67,2019-11-19,5.1416968397678655
1163,6.67,2019-11-21,5.1416968397678655
1164,6.67,2019-11-22,5.1416968397678655
1165,6.67,2019-11-25,5.1416968397678655
1166,10.0,2019-11-26,7.7086909141947
1167,10.0,2019-11-27,7.7086909141947
1168,10.0,2019-11-28,7.7086909141947
1169,10.0,2019-11-29,7.7086909141947
1170,10.0,2019-12-02,7.628590711721624
1171,10.0,2019-12-03,7.628590711721624
1172,10.0,2019-12-04,7.628590711721624
1173,10.0,2019-12-05,7.628590711721624
1174,10.0,2019-12-06,7.628590711721624
1175,10.0,2019-12-09,7.628590711721624
1176,10.0,2019-12-10,7.628590711721624
1177,10.0,2019-12-11,7.628590711721624
1178,10.0,2019-12-12,7.628590711721624
1179,10.0,2019-12-13,7.628590711721624
1180,10.0,2019-12-16,7.628590711721624
1181,12.0,2019-12-17,9.154308854065949
1182,12.0,2019-12-18,9.154308854065949
1183,12.0,2019-12-19,9.154308854065949
1184,12.0,2019-12-20,9.154308854065949
1185,12.0,2019-12-23,9.154308854065949
1186,12.0,2019-12-24,9.154308854065949
1187,12.0,2019-12-26,9.154308854065949
1188,12.0,2019-12-27,9.154308854065949
1189,12.0,2019-12-30,9.154308854065949
1190,12.0,2020-01-02,9.089771476582214
1191,12.0,2020-01-03,9.089771476582214
1192,12.0,2020-01-06,9.089771476582214
1193,12.0,2020-01-07,9.089771476582214
1194,12.0,2020-01-08,9.089771476582214
1195,12.0,2020-01-09,9.089771476582214
1196,12.0,2020-01-10,9.089771476582214
1197,10.0,2020-01-13,7.574809563818511
1198,12.0,2020-01-14,9.089771476582214
1199,12.0,2020-01-15,9.089771476582214
1200,12.0,2020-01-16,9.089771476582214
1201,12.0,2020-01-17,9.089771476582214
1202,12.0,2020-01-21,9.089771476582214
1203,12.0,2020-01-22,9.089771476582214
1204,10.0,2020-01-23,7.574809563818511
1205,10.0,2020-01-24,7.574809563818511
1206,10.0,2020-01-27,7.574809563818511
1207,10.0,2020-01-28,7.574809563818511
1208,8.0,2020-01-29,6.059847651054809
1209,8.0,2020-01-30,6.059847651054809
1210,8.0,2020-01-31,6.059847651054809
1211,8.0,2020-02-03,6.046545251501506
1212,8.0,2020-02-04,6.046545251501506
1213,8.0,2020-02-05,6.046545251501506
1214,8.0,2020-02-06,6.046545251501506
1215,8.0,2020-02-07,6.046545251501506
1216,8.0,2020-02-10,6.046545251501506
1217,8.0,2020-02-11,6.046545251501506
1218,8.0,2020-02-12,6.046545251501506
1219,8.0,2020-02-13,6.046545251501506
1220,8.0,2020-02-14,6.046545251501506
1221,8.0,2020-02-17,6.046545251501506
1222,12.0,2020-02-18,9.069817877252259
1223,12.0,2020-02-19,9.069817877252259
1224,10.0,2020-02-20,7.558181564376882
1225,10.0,2020-02-27,7.558181564376882
1226,10.0,2020-02-28,7.558181564376882
1227,10.0,2020-03-02,7.556670230330815
1228,8.0,2020-03-03,6.045336184264652
1229,8.0,2020-03-04,6.045336184264652
1230,8.0,2020-03-05,6.045336184264652
1231,8.0,2020-03-06,6.045336184264652
1232,10.0,2020-03-09,7.556670230330815
1233,10.0,2020-03-10,7.556670230330815
1234,8.0,2020-03-11,6.045336184264652
1235,10.0,2020-03-12,7.556670230330815
1236,8.0,2020-03-13,6.045336184264652
1237,10.0,2020-03-16,7.556670230330815
1238,10.0,2020-03-17,7.556670230330815
1239,10.0,2020-03-18,7.556670230330815
1240,10.0,2020-03-19,7.556670230330815
1241,8.0,2020-03-20,6.045336184264652
1242,10.0,2020-03-23,7.556670230330815
1243,10.0,2020-03-24,7.556670230330815
1244,10.0,2020-03-25,7.556670230330815
1245,10.0,2020-03-26,7.556670230330815
1246,10.0,2020-03-27,7.556670230330815
1247,10.0,2020-03-30,7.556670230330815
1248,10.0,2020-03-31,7.556670230330815
1249,10.0,2020-04-01,7.557425972928108
1250,10.0,2020-04-02,7.557425972928108
1251,10.0,2020-04-03,7.557425972928108
1252,10.0,2020-04-06,7.557425972928108
1253,10.0,2020-04-07,7.557425972928108
1254,10.0,2020-04-08,7.557425972928108
1255,10.0,2020-04-09,7.557425972928108
1256,10.0,2020-04-13,7.557425972928108
1257,10.0,2020-04-14,7.557425972928108
1258,10.0,2020-04-15,7.557425972928108
1259,10.0,2020-04-16,7.557425972928108
1260,10.0,2020-04-17,7.557425972928108
1261,10.0,2020-04-20,7.557425972928108
1262,10.0,2020-04-24,7.557425972928108
1263,10.0,2020-04-27,7.557425972928108
1264,10.0,2020-04-28,7.557425972928108
1265,10.0,2020-04-29,7.557425972928108
1266,10.0,2020-04-30,7.557425972928108
1267,10.0,2020-05-04,7.602279421515047
1268,10.0,2020-05-05,7.602279421515047
1269,10.0,2020-05-06,7.602279421515047
1270,10.0,2020-05-07,7.602279421515047
1271,10.0,2020-05-08,7.602279421515047
1272,10.0,2020-05-11,7.602279421515047
1273,10.0,2020-05-12,7.602279421515047
1274,10.0,2020-05-13,7.602279421515047
1275,10.0,2020-05-14,7.602279421515047
1276,10.0,2020-05-15,7.602279421515047
1277,10.0,2020-05-18,7.602279421515047
1278,10.0,2020-05-19,7.602279421515047
1279,10.0,2020-05-20,7.602279421515047
1280,10.0,2020-05-21,7.602279421515047
1281,10.0,2020-05-22,7.602279421515047
1282,10.0,2020-05-25,7.602279421515047
1283,10.0,2020-05-26,7.602279421515047
1284,10.0,2020-05-27,7.602279421515047
1285,10.0,2020-05-28,7.602279421515047
1286,10.0,2020-05-29,7.602279421515047
1287,10.0,2020-06-01,7.600759269661115
1288,10.0,2020-06-02,7.600759269661115
1289,10.0,2020-06-03,7.600759269661115
1290,10.0,2020-06-04,7.600759269661115
1291,10.0,2020-06-05,7.600759269661115
1292,10.0,2020-06-08,7.600759269661115
1293,10.0,2020-06-09,7.600759269661115
1294,10.0,2020-06-10,7.600759269661115
1295,10.0,2020-06-15,7.600759269661115
1296,10.0,2020-06-16,7.600759269661115
1297,10.0,2020-06-17,7.600759269661115
1298,10.0,2020-06-18,7.600759269661115
1299,10.0,2020-06-19,7.600759269661115
1300,10.0,2020-06-22,7.600759269661115
1301,8.0,2020-06-23,6.080607415728892
1302,8.0,2020-06-24,6.080607415728892
1303,8.0,2020-06-25,6.080607415728892
1304,8.0,2020-06-26,6.080607415728892
1305,8.0,2020-06-29,6.080607415728892
1306,8.0,2020-06-30,6.080607415728892
1307,8.0,2020-07-01,6.062420155263103
1308,8.0,2020-07-02,6.062420155263103
1309,8.0,2020-07-03,6.062420155263103
1310,10.0,2020-07-06,7.578025194078879
1311,8.0,2020-07-07,6.062420155263103
1312,8.0,2020-07-08,6.062420155263103
1313,8.0,2020-07-09,6.062420155263103
1314,8.0,2020-07-10,6.062420155263103
1315,8.0,2020-07-13,6.062420155263103
1316,8.0,2020-07-14,6.062420155263103
1317,8.0,2020-07-15,6.062420155263103
1318,8.0,2020-07-16,6.062420155263103
1319,8.0,2020-07-17,6.062420155263103
1320,8.0,2020-07-20,6.062420155263103
1321,8.0,2020-07-21,6.062420155263103
1322,8.0,2020-07-22,6.062420155263103
1323,8.0,2020-07-23,6.062420155263103
1324,8.0,2020-07-24,6.062420155263103
1325,8.0,2020-07-27,6.062420155263103
1326,8.0,2020-07-28,6.062420155263103
1327,8.0,2020-07-29,6.062420155263103
1328,8.0,2020-07-30,6.062420155263103
1329,8.0,2020-07-31,6.062420155263103
1330,8.0,2020-08-03,6.048508585516417
1331,8.0,2020-08-04,6.048508585516417
1332,8.0,2020-08-05,6.048508585516417
1333,8.0,2020-08-06,6.048508585516417
1334,8.0,2020-08-07,6.048508585516417
1335,8.0,2020-08-10,6.048508585516417
1336,8.0,2020-08-11,6.048508585516417
1337,8.0,2020-08-12,6.048508585516417
1338,8.0,2020-08-13,6.048508585516417
1339,8.0,2020-08-14,6.048508585516417
1340,8.0,2020-08-17,6.048508585516417
1341,8.0,2020-08-18,6.048508585516417
1342,8.0,2020-08-19,6.048508585516417
1343,8.0,2020-08-20,6.048508585516417
1344,8.0,2020-08-21,6.048508585516417
1345,8.0,2020-08-24,6.048508585516417
1346,8.0,2020-08-25,6.048508585516417
1347,8.0,2020-08-26,6.048508585516417
1348,8.0,2020-08-27,6.048508585516417
1349,8.0,2020-08-28,6.048508585516417
1350,8.0,2020-08-31,6.048508585516417
1351,8.0,2020-09-01,6.021412230479259
1352,8.0,2020-09-02,6.021412230479259
1353,8.0,2020-09-03,6.021412230479259
1354,8.0,2020-09-04,6.021412230479259
1355,8.0,2020-09-08,6.021412230479259
1356,8.0,2020-09-09,6.021412230479259
1357,8.0,2020-09-10,6.021412230479259
1358,8.0,2020-09-11,6.021412230479259
1359,8.0,2020-09-14,6.021412230479259
1360,8.0,2020-09-15,6.021412230479259
1361,8.0,2020-09-16,6.021412230479259
1362,8.0,2020-09-17,6.021412230479259
1363,8.0,2020-09-18,6.021412230479259
1364,6.67,2020-09-21,5.020352447162082
1365,6.67,2020-09-22,5.020352447162082
1366,6.67,2020-09-23,5.020352447162082
1367,6.67,2020-09-24,5.020352447162082
1368,6.67,2020-09-25,5.020352447162082
1369,6.67,2020-09-28,5.020352447162082
1370,6.67,2020-09-29,5.020352447162082
1371,6.67,2020-09-30,5.020352447162082
1372,6.67,2020-10-01,4.973600601507908
1373,6.67,2020-10-02,4.973600601507908
1374,6.67,2020-10-05,4.973600601507908
1375,6.67,2020-10-06,4.973600601507908
1376,6.67,2020-10-07,4.973600601507908
1377,6.67,2020-10-08,4.973600601507908
1378,6.67,2020-10-09,4.973600601507908
1379,6.67,2020-10-13,4.973600601507908
1380,6.67,2020-10-14,4.973600601507908
1381,6.67,2020-10-15,4.973600601507908
1382,6.67,2020-10-16,4.973600601507908
1383,6.67,2020-10-19,4.973600601507908
1384,6.67,2020-10-20,4.973600601507908
1385,6.67,2020-10-21,4.973600601507908
1386,6.67,2020-10-22,4.973600601507908
1387,6.67,2020-10-23,4.973600601507908
1388,6.67,2020-10-26,4.973600601507908
1389,6.67,2020-10-27,4.973600601507908
1390,6.67,2020-10-28,4.973600601507908
1391,6.67,2020-10-29,4.973600601507908
1392,6.67,2020-10-30,4.973600601507908
1393,6.67,2020-11-02,4.9336381326335745
1394,6.67,2020-11-03,4.9336381326335745
1395,6.67,2020-11-04,4.9336381326335745
1396,6.67,2020-11-05,4.9336381326335745
1397,6.67,2020-11-06,4.9336381326335745
1398,6.67,2020-11-09,4.9336381326335745
1399,6.67,2020-11-10,4.9336381326335745
1400,6.67,2020-11-11,4.9336381326335745
1401,6.67,2020-11-12,4.9336381326335745
1402,6.67,2020-11-13,4.9336381326335745
1403,6.67,2020-11-16,4.9336381326335745
1404,6.67,2020-11-17,4.9336381326335745
1405,6.67,2020-11-18,4.9336381326335745
1406,6.67,2020-11-19,4.9336381326335745
1407,6.67,2020-11-23,4.9336381326335745
1408,6.67,2020-11-24,4.9336381326335745
1409,6.67,2020-11-25,4.9336381326335745
1410,8.67,2020-11-26,6.412989896541693
1411,8.0,2020-11-27,5.917407055632474
1412,6.67,2020-11-30,4.9336381326335745
1413,6.67,2020-12-01,4.881890097599026
1414,6.67,2020-12-02,4.881890097599026
1415,6.67,2020-12-03,4.881890097599026
1416,6.67,2020-12-04,4.881890097599026
1417,6.67,2020-12-07,4.881890097599026
1418,6.67,2020-12-08,4.881890097599026
1419,6.67,2020-12-09,4.881890097599026
1420,6.67,2020-12-10,4.881890097599026
1421,6.67,2020-12-11,4.881890097599026
1422,6.67,2020-12-14,4.881890097599026
1423,8.0,2020-12-15,5.855340446895384
1424,8.0,2020-12-16,5.855340446895384
1425,8.0,2020-12-17,5.855340446895384
1426,10.0,2020-12-18,7.3191755586192295
1427,10.0,2020-12-21,7.3191755586192295
1428,10.0,2020-12-22,7.3191755586192295
1429,10.0,2020-12-23,7.3191755586192295
1430,8.0,2020-12-28,5.855340446895384
1431,8.0,2020-12-29,5.855340446895384
1432,8.0,2020-12-30,5.855340446895384
1433,8.0,2021-01-04,5.810022273164699
1434,8.0,2021-01-05,5.810022273164699
1435,11.33,2021-01-06,8.228444044369505
1436,11.33,2021-01-07,8.228444044369505
1437,10.0,2021-01-08,7.262527841455874
1438,10.0,2021-01-11,7.262527841455874
1439,10.0,2021-01-12,7.262527841455874
1440,10.0,2021-01-13,7.262527841455874
1441,10.0,2021-01-14,7.262527841455874
1442,10.0,2021-01-15,7.262527841455874
1443,8.67,2021-01-18,6.296611638542243
1444,8.67,2021-01-19,6.296611638542243
1445,8.67,2021-01-20,6.296611638542243
1446,8.0,2021-01-21,5.810022273164699
1447,8.0,2021-01-22,5.810022273164699
1448,8.0,2021-01-25,5.810022273164699
1449,8.0,2021-01-26,5.810022273164699
1450,10.0,2021-01-27,7.262527841455874
1451,10.0,2021-01-28,7.262527841455874
1452,10.0,2021-01-29,7.262527841455874
1453,10.0,2021-02-01,7.227834237117709
1454,10.0,2021-02-02,7.227834237117709
1455,10.0,2021-02-03,7.227834237117709
1456,10.0,2021-02-04,7.227834237117709
1457,10.0,2021-02-05,7.227834237117709
1458,10.0,2021-02-08,7.227834237117709
1459,8.0,2021-02-09,5.782267389694168
1460,8.0,2021-02-10,5.782267389694168
1461,8.0,2021-02-11,5.782267389694168
1462,8.0,2021-02-12,5.782267389694168
1463,8.0,2021-02-15,5.782267389694168
1464,8.0,2021-02-17,5.782267389694168
1465,8.0,2021-02-18,5.782267389694168
1466,8.0,2021-02-19,5.782267389694168
1467,8.0,2021-02-22,5.782267389694168
1468,8.0,2021-02-23,5.782267389694168
1469,10.0,2021-02-24,7.227834237117709
1470,10.0,2021-02-25,7.227834237117709
1471,11.33,2021-02-26,8.189136190654365
1472,11.33,2021-03-01,8.11367897617593
1473,10.0,2021-03-02,7.161234753906381
1474,10.0,2021-03-03,7.161234753906381
1475,10.0,2021-03-04,7.161234753906381
1476,11.33,2021-03-05,8.11367897617593
1477,10.0,2021-03-08,7.161234753906381
1478,8.0,2021-03-09,5.728987803125104
1479,8.0,2021-03-10,5.728987803125104
1480,8.0,2021-03-11,5.728987803125104
1481,8.0,2021-03-12,5.728987803125104
1482,8.0,2021-03-15,5.728987803125104
1483,8.0,2021-03-16,5.728987803125104
1484,8.0,2021-03-17,5.728987803125104
1485,8.0,2021-03-18,5.728987803125104
1486,8.0,2021-03-19,5.728987803125104
1487,8.0,2021-03-22,5.728987803125104
1488,6.67,2021-03-23,4.776543580855556
1489,6.67,2021-03-24,4.776543580855556
1490,6.67,2021-03-25,4.776543580855556
1491,6.67,2021-03-26,4.776543580855556
1492,8.0,2021-03-29,5.728987803125104
1493,8.0,2021-03-30,5.728987803125104
1494,8.0,2021-03-31,5.728987803125104
1495,8.0,2021-04-01,5.694818889786386
1496,8.0,2021-04-02,5.694818889786386
1497,8.0,2021-04-05,5.694818889786386
1498,8.0,2021-04-06,5.694818889786386
1499,8.0,2021-04-07,5.694818889786386
1500,8.0,2021-04-08,5.694818889786386
1501,8.0,2021-04-09,5.694818889786386
1502,8.0,2021-04-12,5.694818889786386
1503,8.0,2021-04-13,5.694818889786386
1504,8.0,2021-04-14,5.694818889786386
1505,8.0,2021-04-15,5.694818889786386
1506,8.0,2021-04-16,5.694818889786386
1507,8.0,2021-04-19,5.694818889786386
1508,8.0,2021-04-20,5.694818889786386
1509,8.0,2021-04-21,5.694818889786386
1510,8.0,2021-04-22,5.694818889786386
1511,8.0,2021-04-23,5.694818889786386
1512,8.0,2021-04-26,5.694818889786386
1513,8.0,2021-04-27,5.694818889786386
1514,8.0,2021-04-28,5.694818889786386
1515,8.0,2021-04-29,5.694818889786386
1516,8.0,2021-04-30,5.694818889786386
1517,8.67,2021-05-03,6.144723189771004
1518,8.67,2021-05-04,6.144723189771004
1519,8.67,2021-05-05,6.144723189771004
1520,8.67,2021-05-06,6.144723189771004
1521,8.0,2021-05-07,5.669871455382703
1522,8.0,2021-05-10,5.669871455382703
1523,8.0,2021-05-11,5.669871455382703
1524,8.0,2021-05-12,5.669871455382703
1525,8.0,2021-05-13,5.669871455382703
1526,8.0,2021-05-14,5.669871455382703
1527,8.0,2021-05-17,5.669871455382703
1528,8.0,2021-05-18,5.669871455382703
1529,8.0,2021-05-19,5.669871455382703
1530,8.0,2021-05-20,5.669871455382703
1531,8.0,2021-05-21,5.669871455382703
1532,8.0,2021-05-24,5.669871455382703
1533,8.0,2021-05-25,5.669871455382703
1534,8.0,2021-05-26,5.669871455382703
1535,8.0,2021-05-27,5.669871455382703
1536,8.0,2021-05-28,5.669871455382703
1537,8.0,2021-05-31,5.669871455382703
1538,8.0,2021-06-01,5.623198904475555
1539,10.0,2021-06-02,7.028998630594444
1540,8.0,2021-06-07,5.623198904475555
1541,10.0,2021-06-08,7.028998630594444
1542,8.0,2021-06-09,5.623198904475555
1543,8.0,2021-06-10,5.623198904475555
1544,8.0,2021-06-11,5.623198904475555
1545,8.0,2021-06-14,5.623198904475555
1546,8.0,2021-06-15,5.623198904475555
1547,8.0,2021-06-16,5.623198904475555
1548,8.0,2021-06-17,5.623198904475555
1549,8.0,2021-06-18,5.623198904475555
1550,8.0,2021-06-21,5.623198904475555
1551,8.0,2021-06-23,5.623198904475555
1552,8.0,2021-06-24,5.623198904475555
1553,8.0,2021-06-25,5.623198904475555
1554,8.0,2021-06-28,5.623198904475555
1555,8.0,2021-06-29,5.623198904475555
1556,8.0,2021-06-30,5.623198904475555
1557,8.0,2021-07-01,5.583001295150471
1558,8.0,2021-07-02,5.583001295150471
1559,8.0,2021-07-05,5.583001295150471
1560,8.0,2021-07-06,5.583001295150471
1561,8.0,2021-07-07,5.583001295150471
1562,8.0,2021-07-08,5.583001295150471
1563,8.0,2021-07-09,5.583001295150471
1564,8.0,2021-07-12,5.583001295150471
1565,8.0,2021-07-13,5.583001295150471
1566,8.0,2021-07-14,5.583001295150471
1567,8.0,2021-07-15,5.583001295150471
1568,8.0,2021-07-16,5.583001295150471
1569,8.0,2021-07-19,5.583001295150471
1570,8.0,2021-07-20,5.583001295150471
1571,8.0,2021-07-21,5.583001295150471
1572,8.0,2021-07-22,5.583001295150471
1573,8.0,2021-07-23,5.583001295150471
1574,8.0,2021-07-26,5.583001295150471
1575,10.0,2021-07-27,6.978751618938088
1576,10.0,2021-07-28,6.978751618938088
1577,10.0,2021-07-29,6.978751618938088
1578,10.0,2021-07-30,6.978751618938088
1579,10.0,2021-08-02,6.917188640041718
1580,10.0,2021-08-03,6.917188640041718
1581,10.0,2021-08-04,6.917188640041718
1582,12.0,2021-08-05,8.300626368050061
1583,12.0,2021-08-06,8.300626368050061
1584,12.0,2021-08-09,8.300626368050061
1585,12.0,2021-08-10,8.300626368050061
1586,12.0,2021-08-11,8.300626368050061
1587,12.0,2021-08-12,8.300626368050061
1588,12.0,2021-08-13,8.300626368050061
1589,12.0,2021-08-16,8.300626368050061
1590,12.0,2021-08-17,8.300626368050061
1591,12.0,2021-08-18,8.300626368050061
1592,12.0,2021-08-19,8.300626368050061
1593,12.0,2021-08-20,8.300626368050061
1594,12.0,2021-08-23,8.300626368050061
1595,12.0,2021-08-24,8.300626368050061
1596,12.0,2021-08-25,8.300626368050061
1597,12.0,2021-08-26,8.300626368050061
1598,12.0,2021-08-27,8.300626368050061
1599,12.0,2021-08-30,8.300626368050061
1600,12.0,2021-08-31,8.300626368050061
1601,12.0,2021-09-01,8.207065817727962
1602,12.0,2021-09-02,8.207065817727962
1603,12.0,2021-09-03,8.207065817727962
1604,12.0,2021-09-08,8.207065817727962
1605,12.0,2021-09-09,8.207065817727962
1606,12.0,2021-09-10,8.207065817727962
1607,12.0,2021-09-13,8.207065817727962
1608,12.0,2021-09-14,8.207065817727962
1609,12.0,2021-09-15,8.207065817727962
1610,12.0,2021-09-16,8.207065817727962
1611,12.0,2021-09-17,8.207065817727962
1612,12.0,2021-09-20,8.207065817727962
1613,12.0,2021-09-21,8.207065817727962
1614,12.0,2021-09-22,8.207065817727962
1615,12.0,2021-09-23,8.207065817727962
1616,12.0,2021-09-24,8.207065817727962
1617,12.0,2021-09-27,8.207065817727962
1618,12.0,2021-09-28,8.207065817727962
1619,12.0,2021-09-29,8.207065817727962
1620,12.0,2021-09-30,8.207065817727962
1621,12.0,2021-10-01,8.109748831746996
1622,12.0,2021-10-04,8.109748831746996
1623,12.0,2021-10-05,8.109748831746996
1624,12.0,2021-10-06,8.109748831746996
1625,12.0,2021-10-07,8.109748831746996
1626,12.0,2021-10-08,8.109748831746996
1627,12.0,2021-10-13,8.109748831746996
1628,12.0,2021-10-14,8.109748831746996
1629,12.0,2021-10-15,8.109748831746996
1630,12.0,2021-10-19,8.109748831746996
1631,12.0,2021-10-20,8.109748831746996
1632,12.0,2021-10-21,8.109748831746996
1633,12.0,2021-10-22,8.109748831746996
1634,12.0,2021-10-25,8.109748831746996
1635,12.0,2021-10-26,8.109748831746996
1636,12.0,2021-10-27,8.109748831746996
1637,12.0,2021-10-28,8.109748831746996
1638,12.0,2021-10-29,8.109748831746996
1639,12.0,2021-11-03,8.015962075464065
1640,12.0,2021-11-04,8.015962075464065
1641,12.0,2021-11-05,8.015962075464065
1642,13.33,2021-11-08,8.904397872161333
1643,13.33,2021-11-09,8.904397872161333
1644,12.0,2021-11-10,8.015962075464065
1645,12.0,2021-11-11,8.015962075464065
1646,12.0,2021-11-12,8.015962075464065
1647,12.0,2021-11-16,8.015962075464065
1648,12.0,2021-11-17,8.015962075464065
1649,12.0,2021-11-18,8.015962075464065
1650,12.0,2021-11-19,8.015962075464065
1651,12.0,2021-11-22,8.015962075464065
1652,12.0,2021-11-23,8.015962075464065
1653,12.0,2021-11-24,8.015962075464065
1654,12.0,2021-11-25,8.015962075464065
1655,12.0,2021-11-26,8.015962075464065
1656,12.0,2021-11-29,8.015962075464065
1657,12.0,2021-11-30,8.015962075464065
1658,12.0,2021-12-01,7.953921487858768
1659,12.0,2021-12-02,7.953921487858768
1660,12.0,2021-12-03,7.953921487858768
1661,12.0,2021-12-06,7.953921487858768
1662,12.0,2021-12-07,7.953921487858768
1663,12.0,2021-12-08,7.953921487858768
1664,12.0,2021-12-09,7.953921487858768
1665,12.0,2021-12-10,7.953921487858768
1666,12.0,2021-12-13,7.953921487858768
1667,12.0,2021-12-14,7.953921487858768
1668,12.0,2021-12-15,7.953921487858768
1669,12.0,2021-12-16,7.953921487858768
1670,12.0,2021-12-20,7.953921487858768
1671,12.0,2021-12-22,7.953921487858768
1672,12.0,2021-12-23,7.953921487858768
1673,12.0,2021-12-24,7.953921487858768
1674,12.0,2021-12-27,7.953921487858768
1675,10.0,2021-12-29,6.628267906548973
1676,10.0,2021-12-30,6.628267906548973
1677,12.0,2022-01-03,7.908054770191657
1678,12.0,2022-01-04,7.908054770191657
1679,12.0,2022-01-06,7.908054770191657
1680,12.0,2022-01-07,7.908054770191657
1681,12.0,2022-01-10,7.908054770191657
1682,12.0,2022-01-11,7.908054770191657
1683,12.0,2022-01-12,7.908054770191657
1684,12.0,2022-01-13,7.908054770191657
1685,12.0,2022-01-14,7.908054770191657
1686,16.67,2022-01-17,10.985606084924578
1687,16.67,2022-01-18,10.985606084924578
1688,16.67,2022-01-19,10.985606084924578
1689,16.67,2022-01-20,10.985606084924578
1690,16.67,2022-01-21,10.985606084924578
1691,20.0,2022-01-24,13.18009128365276
1692,16.67,2022-01-25,10.985606084924578
1693,16.67,2022-01-26,10.985606084924578
1694,16.67,2022-01-27,10.985606084924578
1695,16.67,2022-01-28,10.985606084924578
1696,16.67,2022-01-31,10.985606084924578
1697,16.67,2022-02-01,10.877914729106422
1698,16.67,2022-02-02,10.877914729106422
1699,13.33,2022-02-03,8.69841651703591
1700,13.33,2022-02-04,8.69841651703591
1701,13.33,2022-02-07,8.69841651703591
1702,16.67,2022-02-08,10.877914729106422
1703,16.67,2022-02-09,10.877914729106422
1704,16.67,2022-02-10,10.877914729106422
1705,16.67,2022-02-11,10.877914729106422
1706,16.67,2022-02-14,10.877914729106422
1707,20.0,2022-02-15,13.05088749742822
1708,20.0,2022-02-16,13.05088749742822
1709,16.67,2022-02-17,10.877914729106422
1710,16.67,2022-02-18,10.877914729106422
1711,16.67,2022-02-21,10.877914729106422
1712,16.67,2022-02-22,10.877914729106422
1713,16.67,2022-02-23,10.877914729106422
1714,16.67,2022-02-24,10.877914729106422
1715,20.0,2022-02-25,13.05088749742822
1716,16.67,2022-03-03,10.775547032299576
1717,16.67,2022-03-04,10.775547032299576
1718,16.67,2022-03-07,10.775547032299576
1719,16.67,2022-03-08,10.775547032299576
1720,16.67,2022-03-09,10.775547032299576
1721,16.67,2022-03-10,10.775547032299576
1722,16.67,2022-03-11,10.775547032299576
1723,13.33,2022-03-14,8.616559204592281
1724,13.33,2022-03-15,8.616559204592281
1725,13.33,2022-03-16,8.616559204592281
1726,13.33,2022-03-17,8.616559204592281
1727,13.33,2022-03-18,8.616559204592281
1728,12.0,2022-03-21,7.756842494756742
1729,12.0,2022-03-22,7.756842494756742
1730,12.0,2022-03-23,7.756842494756742
1731,12.0,2022-03-24,7.756842494756742
1732,12.0,2022-03-25,7.756842494756742
1733,12.0,2022-03-28,7.756842494756742
1734,12.0,2022-03-29,7.756842494756742
1735,12.0,2022-03-30,7.756842494756742
1736,12.0,2022-03-31,7.756842494756742
1737,12.0,2022-04-01,7.624931185251883
1738,12.0,2022-04-04,7.624931185251883
1739,12.0,2022-04-05,7.624931185251883
1740,12.0,2022-04-06,7.624931185251883
1741,12.0,2022-04-07,7.624931185251883
1742,12.0,2022-04-08,7.624931185251883
1743,12.0,2022-04-11,7.624931185251883
1744,12.0,2022-04-12,7.624931185251883
1745,12.0,2022-04-13,7.624931185251883
1746,12.0,2022-04-18,7.624931185251883
1747,12.0,2022-04-19,7.624931185251883
1748,12.0,2022-04-25,7.624931185251883
1749,13.33,2022-04-26,8.470027724950635
1750,13.33,2022-04-27,8.470027724950635
1751,13.33,2022-04-28,8.470027724950635
1752,13.33,2022-04-29,8.470027724950635
1753,13.33,2022-05-02,8.420347673675947
1754,13.33,2022-05-03,8.420347673675947
1755,13.33,2022-05-04,8.420347673675947
1756,13.33,2022-05-05,8.420347673675947
1757,13.33,2022-05-06,8.420347673675947
1758,13.33,2022-05-09,8.420347673675947
1759,13.33,2022-05-10,8.420347673675947
1760,13.33,2022-05-11,8.420347673675947
1761,13.33,2022-05-12,8.420347673675947
1762,13.33,2022-05-13,8.420347673675947
1763,13.33,2022-05-16,8.420347673675947
1764,13.33,2022-05-17,8.420347673675947
1765,13.33,2022-05-18,8.420347673675947
1766,13.33,2022-05-19,8.420347673675947
1767,13.33,2022-05-20,8.420347673675947
1768,13.33,2022-05-23,8.420347673675947
1769,13.33,2022-05-24,8.420347673675947
1770,13.33,2022-05-25,8.420347673675947
1771,13.33,2022-05-26,8.420347673675947
1772,16.67,2022-05-27,10.53017222206887
1773,16.67,2022-05-30,10.53017222206887
1774,16.67,2022-05-31,10.53017222206887
1775,16.67,2022-06-01,10.458011939685044
1776,16.67,2022-06-02,10.458011939685044
1777,16.67,2022-06-03,10.458011939685044
1778,16.67,2022-06-06,10.458011939685044
1779,13.33,2022-06-07,8.362645420276042
1780,13.33,2022-06-08,8.362645420276042
1781,13.33,2022-06-09,8.362645420276042
1782,13.33,2022-06-10,8.362645420276042
1783,13.33,2022-06-13,8.362645420276042
1784,13.33,2022-06-14,8.362645420276042
1785,13.33,2022-06-15,8.362645420276042
1786,13.33,2022-06-20,8.362645420276042
1787,10.0,2022-06-21,6.273552453320361
1788,13.33,2022-06-22,8.362645420276042
1789,13.33,2022-06-23,8.362645420276042
1790,12.0,2022-06-24,7.5282629439844335
1791,12.0,2022-06-27,7.5282629439844335
1792,12.0,2022-06-28,7.5282629439844335
1793,12.0,2022-06-29,7.5282629439844335
1794,12.0,2022-06-30,7.5282629439844335
1795,12.0,2022-07-01,7.5184889084035085
1796,12.0,2022-07-04,7.5184889084035085
1797,12.0,2022-07-05,7.5184889084035085
1798,12.0,2022-07-06,7.5184889084035085
1799,12.0,2022-07-07,7.5184889084035085
1800,12.0,2022-07-08,7.5184889084035085
1801,10.0,2022-07-11,6.26540742366959
1802,12.0,2022-07-12,7.5184889084035085
1803,10.0,2022-07-13,6.26540742366959
1804,12.0,2022-07-14,7.5184889084035085
1805,10.0,2022-07-15,6.26540742366959
1806,10.0,2022-07-18,6.26540742366959
1807,10.0,2022-07-19,6.26540742366959
1808,10.0,2022-07-20,6.26540742366959
1809,8.0,2022-07-21,5.012325938935672
1810,10.0,2022-07-22,6.26540742366959
1811,12.0,2022-07-25,7.5184889084035085
1812,12.0,2022-07-26,7.5184889084035085
1813,12.0,2022-07-27,7.5184889084035085
1814,12.0,2022-07-28,7.5184889084035085
1815,12.0,2022-07-29,7.5184889084035085
1816,10.0,2022-08-01,6.311481236697482
1817,10.0,2022-08-02,6.311481236697482
1818,10.0,2022-08-03,6.311481236697482
1819,10.0,2022-08-04,6.311481236697482
1820,10.0,2022-08-05,6.311481236697482
1821,10.0,2022-08-08,6.311481236697482
1822,10.0,2022-08-09,6.311481236697482
1823,8.0,2022-08-10,5.049184989357985
1824,10.0,2022-08-11,6.311481236697482
1825,10.0,2022-08-12,6.311481236697482
1826,10.0,2022-08-15,6.311481236697482
1827,10.0,2022-08-16,6.311481236697482
1828,10.0,2022-08-17,6.311481236697482
1829,10.0,2022-08-18,6.311481236697482
1830,10.0,2022-08-19,6.311481236697482
1831,10.0,2022-08-22,6.311481236697482
1832,10.0,2022-08-23,6.311481236697482
1833,10.0,2022-08-24,6.311481236697482
1834,10.0,2022-08-25,6.311481236697482
1835,10.0,2022-08-26,6.311481236697482
1836,10.0,2022-08-29,6.311481236697482
1837,10.0,2022-08-30,6.311481236697482
1838,10.0,2022-08-31,6.311481236697482
1839,10.0,2022-09-01,6.334920442334119
1840,10.0,2022-09-02,6.334920442334119
1841,10.0,2022-09-05,6.334920442334119
1842,10.0,2022-09-06,6.334920442334119
1843,10.0,2022-09-07,6.334920442334119
1844,10.0,2022-09-08,6.334920442334119
1845,10.0,2022-09-09,6.334920442334119
1846,10.0,2022-09-12,6.334920442334119
1847,10.0,2022-09-13,6.334920442334119
1848,10.0,2022-09-14,6.334920442334119
1849,10.0,2022-09-15,6.334920442334119
1850,10.0,2022-09-16,6.334920442334119
1851,10.0,2022-09-19,6.334920442334119
1852,10.0,2022-09-20,6.334920442334119
1853,10.0,2022-09-21,6.334920442334119
1854,10.0,2022-09-22,6.334920442334119
1855,10.0,2022-09-23,6.334920442334119
1856,10.0,2022-09-26,6.334920442334119
1857,10.0,2022-09-27,6.334920442334119
1858,10.0,2022-09-28,6.334920442334119
1859,10.0,2022-09-29,6.334920442334119
1860,10.0,2022-09-30,6.334920442334119
1861,10.0,2022-10-03,6.3248007611163315
1862,10.0,2022-10-04,6.3248007611163315
1863,10.0,2022-10-05,6.3248007611163315
1864,10.0,2022-10-06,6.3248007611163315
1865,10.0,2022-10-07,6.3248007611163315
1866,10.0,2022-10-10,6.3248007611163315
1867,10.0,2022-10-11,6.3248007611163315
1868,10.0,2022-10-12,6.3248007611163315
1869,10.0,2022-10-13,6.3248007611163315
1870,10.0,2022-10-14,6.3248007611163315
1871,10.0,2022-10-18,6.3248007611163315
1872,12.0,2022-10-19,7.589760913339598
1873,12.0,2022-10-20,7.589760913339598
1874,12.0,2022-10-21,7.589760913339598
1875,12.0,2022-10-24,7.589760913339598
1876,12.0,2022-10-25,7.589760913339598
1877,12.0,2022-10-26,7.589760913339598
1878,12.0,2022-10-27,7.589760913339598
1879,12.0,2022-10-28,7.589760913339598
1880,12.0,2022-10-31,7.589760913339598
1881,12.0,2022-11-01,7.549747252899232
1882,12.0,2022-11-03,7.549747252899232
1883,12.0,2022-11-04,7.549747252899232
1884,12.0,2022-11-07,7.549747252899232
1885,12.0,2022-11-08,7.549747252899232
1886,12.0,2022-11-09,7.549747252899232
1887,12.0,2022-11-10,7.549747252899232
1888,12.0,2022-11-11,7.549747252899232
1889,12.0,2022-11-15,7.549747252899232
1890,12.0,2022-11-16,7.549747252899232
1891,12.0,2022-11-17,7.549747252899232
1892,12.0,2022-11-18,7.549747252899232
1893,12.0,2022-11-21,7.549747252899232
1894,10.0,2022-11-22,6.291456044082693
1895,10.0,2022-11-23,6.291456044082693
1896,12.0,2022-11-24,7.549747252899232
1897,12.0,2022-11-25,7.549747252899232
1898,12.0,2022-11-29,7.549747252899232
1899,12.0,2022-11-30,7.549747252899232
1900,12.0,2022-12-01,7.510691656286541
